team,players_used_x,avg_age,possession,games,games_starts,minutes,minutes_90s_x,goals,assists,goals_assists,goals_pens,pens_made,pens_att,cards_yellow_x,cards_red_x,xg,npxg,xg_assist,npxg_xg_assist,progressive_carries,progressive_passes,goals_per90,assists_per90,goals_assists_per90,goals_pens_per90,goals_assists_pens_per90,xg_per90,xg_assist_per90,xg_xg_assist_per90,npxg_per90,npxg_xg_assist_per90,players_used_y,minutes_90s_y,cards_yellow_y,cards_red_y,cards_yellow_red,fouls,fouled,offsides,crosses,interceptions,tackles_won,pens_won,pens_conceded,own_goals,ball_recoveries,aerials_won,aerials_lost,aerials_won_pct
Augsburg,29,26.0,43.9,34,374,"3,060",34.0,49,35,84,44,5,7,71,3,46.1,40.7,27.7,68.4,462,1137,1.44,1.03,2.47,1.29,2.32,1.36,0.81,2.17,1.20,2.01,29,34.0,71,3,1,454,338,81,631,295,319,5,10,2,1669,587,602,49.4
Bayern Munich,30,27.4,61.3,34,374,"3,060",34.0,93,71,164,88,5,5,47,2,85.2,81.3,65.9,147.3,944,1941,2.74,2.09,4.82,2.59,4.68,2.50,1.94,4.44,2.39,4.33,30,34.0,47,2,1,304,306,60,655,288,323,2,4,0,1768,410,319,56.2
Bochum,25,29.1,46.6,34,374,"3,060",34.0,41,30,71,37,4,4,97,2,44.5,41.4,30.4,71.8,400,1151,1.21,0.88,2.09,1.09,1.97,1.31,0.89,2.20,1.22,2.11,25,34.0,97,2,0,446,409,83,649,308,366,4,11,4,1808,815,816,50.0
Darmstadt 98,32,27.1,45.7,34,374,"3,060",34.0,28,21,49,25,3,3,83,4,32.3,30.0,22.8,52.8,437,1083,0.82,0.62,1.44,0.74,1.35,0.95,0.67,1.62,0.88,1.55,32,34.0,83,4,0,429,351,57,514,317,323,2,2,2,1502,510,569,47.3
Dortmund,32,26.8,57.8,34,374,"3,060",34.0,68,49,117,62,6,6,59,4,63.5,58.8,45.6,104.4,770,1452,2.00,1.44,3.44,1.82,3.26,1.87,1.34,3.21,1.73,3.07,32,34.0,59,4,2,315,391,44,522,251,356,5,6,2,1763,389,426,47.7
Eint Frankfurt,34,25.3,52.1,34,374,"3,060",34.0,48,36,84,46,2,3,70,5,46.2,44.4,34.1,78.5,574,1305,1.41,1.06,2.47,1.35,2.41,1.36,1.00,2.36,1.31,2.31,34,34.0,70,5,4,355,318,51,557,302,359,2,11,0,1792,477,525,47.6
Freiburg,25,27.0,46.6,34,374,"3,060",34.0,43,32,75,36,7,9,64,4,49.4,42.4,32.4,74.8,468,1208,1.26,0.94,2.21,1.06,2.00,1.45,0.95,2.41,1.25,2.20,25,34.0,64,4,1,364,376,52,593,272,319,7,5,1,1633,625,628,49.9
Gladbach,27,25.4,46.8,34,374,"3,060",34.0,55,43,98,50,5,6,66,2,46.5,41.8,35.5,77.4,598,1227,1.62,1.26,2.88,1.47,2.74,1.37,1.05,2.41,1.23,2.28,27,34.0,66,2,1,337,372,53,574,333,337,4,6,0,1701,485,478,50.4
Heidenheim,22,26.7,42.5,34,374,"3,060",34.0,46,34,80,44,2,3,54,1,39.4,37.0,27.5,64.5,510,983,1.35,1.00,2.35,1.29,2.29,1.16,0.81,1.97,1.09,1.90,22,34.0,54,1,0,442,325,38,663,302,352,1,10,3,1741,690,612,53.0
Hoffenheim,30,27.7,49.5,34,374,"3,060",34.0,65,47,112,59,6,6,86,5,53.6,49.0,39.9,88.9,538,1359,1.91,1.38,3.29,1.74,3.12,1.58,1.17,2.75,1.44,2.62,30,34.0,86,5,4,339,366,52,603,357,304,5,5,1,1715,515,515,50.0
Köln,26,25.4,46.5,34,374,"3,060",34.0,28,17,45,23,5,6,71,4,39.3,34.7,27.2,61.9,618,1086,0.82,0.50,1.32,0.68,1.18,1.16,0.80,1.96,1.02,1.82,26,34.0,71,4,3,418,364,53,779,305,375,5,3,0,1689,557,533,51.1
Leverkusen,24,26.2,61.8,34,374,"3,060",34.0,87,71,158,79,8,8,59,0,73.6,67.6,55.2,122.8,888,1997,2.56,2.09,4.65,2.32,4.41,2.16,1.62,3.79,1.99,3.61,24,34.0,59,0,0,305,342,73,586,224,277,7,0,0,1847,363,316,53.5
Mainz 05,30,26.7,46.1,34,374,"3,060",34.0,38,31,69,37,1,5,99,3,44.6,40.7,32.0,72.7,480,1169,1.12,0.91,2.03,1.09,2.00,1.31,0.94,2.25,1.20,2.14,30,34.0,99,3,1,473,410,59,633,346,328,4,4,1,1786,665,761,46.6
RB Leipzig,26,25.6,55.3,34,374,"3,060",34.0,74,53,127,70,4,7,61,1,65.6,60.2,47.7,107.9,714,1541,2.18,1.56,3.74,2.06,3.62,1.93,1.40,3.33,1.77,3.17,26,34.0,61,1,1,354,388,67,608,240,317,7,5,1,1743,426,394,52.0
Stuttgart,27,25.0,59.9,34,374,"3,060",34.0,78,60,138,73,5,8,56,1,70.9,64.6,53.3,117.9,693,1618,2.29,1.76,4.06,2.15,3.91,2.08,1.57,3.65,1.90,3.47,27,34.0,56,1,1,329,373,50,537,269,316,7,3,3,1754,430,429,50.1
Union Berlin,30,28.1,42.9,34,374,"3,060",34.0,33,23,56,30,3,6,67,7,40.1,35.3,25.0,60.3,389,1146,0.97,0.68,1.65,0.88,1.56,1.18,0.74,1.91,1.04,1.77,30,34.0,67,7,3,402,339,61,662,305,352,3,7,1,1705,620,619,50.0
Werder Bremen,30,27.0,46.8,34,374,"3,060",34.0,45,33,78,40,5,6,73,2,46.9,42.0,35.6,77.6,492,1172,1.32,0.97,2.29,1.18,2.15,1.38,1.05,2.43,1.24,2.28,30,34.0,73,2,0,396,396,70,543,284,351,5,6,1,1758,508,575,46.9
Wolfsburg,28,25.6,48.0,34,374,"3,060",34.0,41,27,68,39,2,3,86,5,39.2,36.7,28.5,65.2,441,1235,1.21,0.79,2.00,1.15,1.94,1.15,0.84,1.99,1.08,1.92,28,34.0,86,5,2,415,412,41,593,268,303,3,3,3,1580,512,467,52.3
